V1	V2	N_Overlap	padj	Correlation	Synergy
AT1G13450_GT1	AT1G13450_GT1	80	1.99032416898252e-239	1	19096.0860946577
AT1G13450_GT1	AT1G32540_LOL1	2	0.00433056904472215	-1	-4.72691006560957
AT1G13450_GT1	AT2G41835_SAP11	0	1		
AT1G13450_GT1	AT2G32700_LUH	0	1		
AT1G13450_GT1	AT2G41310_RR3	0	1		
AT1G13450_GT1	AT5G65210_TGA1	2	1	-1	0
AT1G13450_GT1	AT2G28550_RAP27	4	1	0.172743816491311	0
AT1G13450_GT1	AT4G31800_WRKY18	2	1	1	0
AT1G13450_GT1	AT4G37790_HAT22	5	1	0.421255108413746	0
AT1G13450_GT1	AT1G66600_ABO3	3	1	-0.400794381537539	0
AT1G13450_GT1	AT5G59450_SCL11	4	1	0.804759655465425	0
AT1G13450_GT1	AT1G22070_TGA3	4	0.119742347918952	0.789381420541018	2.9104563401456
AT1G13450_GT1	AT5G15830_BZIP3	4	1	0.717597902557854	0
AT1G13450_GT1	AT5G22570_WRKY38	0	1		
AT1G13450_GT1	AT1G31320_LBD4	3	1	0.964412805154169	0
AT1G13450_GT1	AT5G29000_PHL1	9	0.00114712103653545	0.913681823705735	24.1792342937773
AT1G13450_GT1	AT1G35560_TCP23	0	1		
AT1G13450_GT1	AT4G00238_STKL1	6	4.16466954353963e-10	0.961958304652527	54.1414343642444
AT1G13450_GT1	AT4G37180_AT4G37180	0	1		
AT1G13450_GT1	AT4G10920_KELP	0	1		
AT1G13450_GT1	AT5G60890_MYB34	1	1		
AT1G13450_GT1	AT4G27330_SPL	10	0.00509332437244087	0.407232119273481	9.33782705656465
AT1G13450_GT1	AT5G10030_TGA4	0	1		
AT1G13450_GT1	AT5G56840_AT5G56840	1	1		
AT1G13450_GT1	AT1G19350_BES1	0	1		
AT1G13450_GT1	AT1G51140_FBH3	11	0.0994717441653058	-0.0598087992619155	-0.659410130128561
AT1G13450_GT1	AT2G42280_FBH4	21	2.16024111931371e-19	0.638846993637535	250.412339858301
AT1G13450_GT1	AT1G54690_GAMMAH2AX	5	0.119750945713867	0.959256017621647	4.42083230993096
AT1G13450_GT1	AT2G01930_BPC1	2	1	1	0
AT1G13450_GT1	AT2G42430_LBD16	6	1	0.886650888629991	0
AT1G13450_GT1	AT1G01060_LHY	3	1	0.73155346569876	0
AT1G13450_GT1	AT1G14687_HB32	7	0.356924209340664	0.98577338499339	3.08741065467292
AT1G13450_GT1	AT1G26960_HB23	5	0.0862366578671525	0.945486561724542	5.03144495039136
AT1G13450_GT1	AT1G69180_CRC	1	1		
AT1G13450_GT1	AT3G46590_TRFL1	0	1		
AT1G13450_GT1	AT1G10240_FRS11	0	1		
AT1G13450_GT1	AT2G25000_WRKY60	0	1		
AT1G32540_LOL1	AT1G32540_LOL1	2	1.37043324200063e-06	1	11.7262842308464
AT1G32540_LOL1	AT2G41835_SAP11	0	1		
AT1G32540_LOL1	AT2G32700_LUH	0	1		
AT1G32540_LOL1	AT2G41310_RR3	0	1		
AT1G32540_LOL1	AT5G65210_TGA1	0	1		
AT1G32540_LOL1	AT2G28550_RAP27	0	1		
AT1G32540_LOL1	AT4G31800_WRKY18	0	1		
AT1G32540_LOL1	AT4G37790_HAT22	0	1		
AT1G32540_LOL1	AT1G66600_ABO3	0	1		
AT1G32540_LOL1	AT5G59450_SCL11	0	1		
AT1G32540_LOL1	AT1G22070_TGA3	0	1		
AT1G32540_LOL1	AT5G15830_BZIP3	0	1		
AT1G32540_LOL1	AT5G22570_WRKY38	0	1		
AT1G32540_LOL1	AT1G31320_LBD4	0	1		
AT1G32540_LOL1	AT5G29000_PHL1	0	1		
AT1G32540_LOL1	AT1G35560_TCP23	0	1		
AT1G32540_LOL1	AT4G00238_STKL1	0	1		
AT1G32540_LOL1	AT4G37180_AT4G37180	0	1		
AT1G32540_LOL1	AT4G10920_KELP	0	1		
AT1G32540_LOL1	AT5G60890_MYB34	0	1		
AT1G32540_LOL1	AT4G27330_SPL	0	1		
AT1G32540_LOL1	AT5G10030_TGA4	0	1		
AT1G32540_LOL1	AT5G56840_AT5G56840	0	1		
AT1G32540_LOL1	AT1G19350_BES1	0	1		
AT1G32540_LOL1	AT1G51140_FBH3	0	1		
AT1G32540_LOL1	AT2G42280_FBH4	0	1		
AT1G32540_LOL1	AT1G54690_GAMMAH2AX	0	1		
AT1G32540_LOL1	AT2G01930_BPC1	0	1		
AT1G32540_LOL1	AT2G42430_LBD16	0	1		
AT1G32540_LOL1	AT1G01060_LHY	0	1		
AT1G32540_LOL1	AT1G14687_HB32	0	1		
AT1G32540_LOL1	AT1G26960_HB23	0	1		
AT1G32540_LOL1	AT1G69180_CRC	0	1		
AT1G32540_LOL1	AT3G46590_TRFL1	0	1		
AT1G32540_LOL1	AT1G10240_FRS11	0	1		
AT1G32540_LOL1	AT2G25000_WRKY60	0	1		
AT2G41835_SAP11	AT2G41835_SAP11	5	2.50276271178881e-18	1	88.0079016206082
AT2G41835_SAP11	AT2G32700_LUH	0	1		
AT2G41835_SAP11	AT2G41310_RR3	0	1		
AT2G41835_SAP11	AT5G65210_TGA1	2	0.305359695664302	-1	-1.03037657179371
AT2G41835_SAP11	AT2G28550_RAP27	0	1		
AT2G41835_SAP11	AT4G31800_WRKY18	1	1		
AT2G41835_SAP11	AT4G37790_HAT22	0	1		
AT2G41835_SAP11	AT1G66600_ABO3	2	1	1	0
AT2G41835_SAP11	AT5G59450_SCL11	2	0.948762415450101	-1	-0.0456850558136069
AT2G41835_SAP11	AT1G22070_TGA3	0	1		
AT2G41835_SAP11	AT5G15830_BZIP3	1	1		
AT2G41835_SAP11	AT5G22570_WRKY38	0	1		
AT2G41835_SAP11	AT1G31320_LBD4	0	1		
AT2G41835_SAP11	AT5G29000_PHL1	1	1		
AT2G41835_SAP11	AT1G35560_TCP23	2	0.0160690471043713	1	3.5880197523331
AT2G41835_SAP11	AT4G00238_STKL1	0	1		
AT2G41835_SAP11	AT4G37180_AT4G37180	0	1		
AT2G41835_SAP11	AT4G10920_KELP	0	1		
AT2G41835_SAP11	AT5G60890_MYB34	0	1		
AT2G41835_SAP11	AT4G27330_SPL	1	1		
AT2G41835_SAP11	AT5G10030_TGA4	0	1		
AT2G41835_SAP11	AT5G56840_AT5G56840	0	1		
AT2G41835_SAP11	AT1G19350_BES1	0	1		
AT2G41835_SAP11	AT1G51140_FBH3	2	1	1	0
AT2G41835_SAP11	AT2G42280_FBH4	0	1		
AT2G41835_SAP11	AT1G54690_GAMMAH2AX	0	1		
AT2G41835_SAP11	AT2G01930_BPC1	0	1		
AT2G41835_SAP11	AT2G42430_LBD16	4	0.0333025407486919	-0.543130265443429	-3.20994903645808
AT2G41835_SAP11	AT1G01060_LHY	0	1		
AT2G41835_SAP11	AT1G14687_HB32	2	1	1	0
AT2G41835_SAP11	AT1G26960_HB23	0	1		
AT2G41835_SAP11	AT1G69180_CRC	1	1		
AT2G41835_SAP11	AT3G46590_TRFL1	0	1		
AT2G41835_SAP11	AT1G10240_FRS11	0	1		
AT2G41835_SAP11	AT2G25000_WRKY60	0	1		
AT2G32700_LUH	AT2G32700_LUH	2	1.37043324200063e-06	1	11.7262842308464
AT2G32700_LUH	AT2G41310_RR3	0	1		
AT2G32700_LUH	AT5G65210_TGA1	0	1		
AT2G32700_LUH	AT2G28550_RAP27	0	1		
AT2G32700_LUH	AT4G31800_WRKY18	0	1		
AT2G32700_LUH	AT4G37790_HAT22	0	1		
AT2G32700_LUH	AT1G66600_ABO3	0	1		
AT2G32700_LUH	AT5G59450_SCL11	0	1		
AT2G32700_LUH	AT1G22070_TGA3	0	1		
AT2G32700_LUH	AT5G15830_BZIP3	0	1		
AT2G32700_LUH	AT5G22570_WRKY38	0	1		
AT2G32700_LUH	AT1G31320_LBD4	0	1		
AT2G32700_LUH	AT5G29000_PHL1	1	1		
AT2G32700_LUH	AT1G35560_TCP23	0	1		
AT2G32700_LUH	AT4G00238_STKL1	0	1		
AT2G32700_LUH	AT4G37180_AT4G37180	1	0.570527803843282		
AT2G32700_LUH	AT4G10920_KELP	0	1		
AT2G32700_LUH	AT5G60890_MYB34	0	1		
AT2G32700_LUH	AT4G27330_SPL	0	1		
AT2G32700_LUH	AT5G10030_TGA4	0	1		
AT2G32700_LUH	AT5G56840_AT5G56840	0	1		
AT2G32700_LUH	AT1G19350_BES1	0	1		
AT2G32700_LUH	AT1G51140_FBH3	0	1		
AT2G32700_LUH	AT2G42280_FBH4	0	1		
AT2G32700_LUH	AT1G54690_GAMMAH2AX	0	1		
AT2G32700_LUH	AT2G01930_BPC1	0	1		
AT2G32700_LUH	AT2G42430_LBD16	0	1		
AT2G32700_LUH	AT1G01060_LHY	0	1		
AT2G32700_LUH	AT1G14687_HB32	0	1		
AT2G32700_LUH	AT1G26960_HB23	0	1		
AT2G32700_LUH	AT1G69180_CRC	0	1		
AT2G32700_LUH	AT3G46590_TRFL1	0	1		
AT2G32700_LUH	AT1G10240_FRS11	0	1		
AT2G32700_LUH	AT2G25000_WRKY60	0	1		
AT2G41310_RR3	AT2G41310_RR3	2	1.37043324200063e-06	1	11.7262842308464
AT2G41310_RR3	AT5G65210_TGA1	0	1		
AT2G41310_RR3	AT2G28550_RAP27	0	1		
AT2G41310_RR3	AT4G31800_WRKY18	0	1		
AT2G41310_RR3	AT4G37790_HAT22	0	1		
AT2G41310_RR3	AT1G66600_ABO3	0	1		
AT2G41310_RR3	AT5G59450_SCL11	1	1		
AT2G41310_RR3	AT1G22070_TGA3	0	1		
AT2G41310_RR3	AT5G15830_BZIP3	0	1		
AT2G41310_RR3	AT5G22570_WRKY38	1	0.263349303948828		
AT2G41310_RR3	AT1G31320_LBD4	0	1		
AT2G41310_RR3	AT5G29000_PHL1	0	1		
AT2G41310_RR3	AT1G35560_TCP23	0	1		
AT2G41310_RR3	AT4G00238_STKL1	1	0.614404964952925		
AT2G41310_RR3	AT4G37180_AT4G37180	0	1		
AT2G41310_RR3	AT4G10920_KELP	0	1		
AT2G41310_RR3	AT5G60890_MYB34	0	1		
AT2G41310_RR3	AT4G27330_SPL	1	1		
AT2G41310_RR3	AT5G10030_TGA4	0	1		
AT2G41310_RR3	AT5G56840_AT5G56840	0	1		
AT2G41310_RR3	AT1G19350_BES1	0	1		
AT2G41310_RR3	AT1G51140_FBH3	0	1		
AT2G41310_RR3	AT2G42280_FBH4	1	1		
AT2G41310_RR3	AT1G54690_GAMMAH2AX	0	1		
AT2G41310_RR3	AT2G01930_BPC1	0	1		
AT2G41310_RR3	AT2G42430_LBD16	1	1		
AT2G41310_RR3	AT1G01060_LHY	0	1		
AT2G41310_RR3	AT1G14687_HB32	0	1		
AT2G41310_RR3	AT1G26960_HB23	0	1		
AT2G41310_RR3	AT1G69180_CRC	0	1		
AT2G41310_RR3	AT3G46590_TRFL1	0	1		
AT2G41310_RR3	AT1G10240_FRS11	0	1		
AT2G41310_RR3	AT2G25000_WRKY60	0	1		
AT5G65210_TGA1	AT5G65210_TGA1	213	0	1	Inf
AT5G65210_TGA1	AT2G28550_RAP27	31	1.06425096996919e-18	0.245304699077216	136.674367040616
AT5G65210_TGA1	AT4G31800_WRKY18	8	0.0819712483663608	0.531976135567437	4.62324904802662
AT5G65210_TGA1	AT4G37790_HAT22	19	2.02265874124625e-09	0.608625187886506	100.537255148933
AT5G65210_TGA1	AT1G66600_ABO3	27	2.70402402730422e-13	0.512800829012361	174.011636093338
AT5G65210_TGA1	AT5G59450_SCL11	22	8.63460151154342e-12	0.537927456825585	130.93297893969
AT5G65210_TGA1	AT1G22070_TGA3	63	4.63072024937448e-108	0.7879358092097	5328.07248137929
AT5G65210_TGA1	AT5G15830_BZIP3	68	8.99644754563363e-62	0.548571880749337	2277.18944374206
AT5G65210_TGA1	AT5G22570_WRKY38	1	1		
AT5G65210_TGA1	AT1G31320_LBD4	14	8.54231834264133e-06	0.492376405194703	34.9380151569384
AT5G65210_TGA1	AT5G29000_PHL1	19	1.1671079636238e-07	0.348863972092676	45.9540684827955
AT5G65210_TGA1	AT1G35560_TCP23	4	0.223976618345531	0.390060308391388	1.01384056701652
AT5G65210_TGA1	AT4G00238_STKL1	0	1		
AT5G65210_TGA1	AT4G37180_AT4G37180	0	1		
AT5G65210_TGA1	AT4G10920_KELP	0	1		
AT5G65210_TGA1	AT5G60890_MYB34	4	1	0.984331203727745	0
AT5G65210_TGA1	AT4G27330_SPL	38	3.061516190511e-21	0.109655428213517	85.4801796125934
AT5G65210_TGA1	AT5G10030_TGA4	46	1.02197333528312e-87	0.861884260129057	3448.88656167774
AT5G65210_TGA1	AT5G56840_AT5G56840	8	0.114734436957586	0.699338126367172	5.26073587191404
AT5G65210_TGA1	AT1G19350_BES1	1	1		
AT5G65210_TGA1	AT1G51140_FBH3	29	6.8191957672522e-07	0.059944802919761	10.7194338664313
AT5G65210_TGA1	AT2G42280_FBH4	21	2.63024784816763e-10	-0.0127305357003202	-2.56113006137474
AT5G65210_TGA1	AT1G54690_GAMMAH2AX	19	1.44693181029131e-13	0.731394556653996	178.424789513695
AT5G65210_TGA1	AT2G01930_BPC1	8	0.0339375916307785	0.551606975142201	6.48389278673097
AT5G65210_TGA1	AT2G42430_LBD16	55	3.76900689566314e-19	0.509362095914672	516.140441550869
AT5G65210_TGA1	AT1G01060_LHY	0	1		
AT5G65210_TGA1	AT1G14687_HB32	12	0.283302666566571	0.753053084123362	4.94981193692244
AT5G65210_TGA1	AT1G26960_HB23	18	6.86870731054146e-13	0.845259147428507	185.057867854801
AT5G65210_TGA1	AT1G69180_CRC	7	8.40889753026379e-07	0.673698402760624	28.6502551402173
AT5G65210_TGA1	AT3G46590_TRFL1	0	1		
AT5G65210_TGA1	AT1G10240_FRS11	2	1	-1	0
AT5G65210_TGA1	AT2G25000_WRKY60	1	1		
AT2G28550_RAP27	AT2G28550_RAP27	479	0	1	Inf
AT2G28550_RAP27	AT4G31800_WRKY18	55	3.45654624459505e-48	0.496871640196196	1297.02114359144
AT2G28550_RAP27	AT4G37790_HAT22	96	5.84455928587703e-91	0.829287885691144	7183.61660592458
AT2G28550_RAP27	AT1G66600_ABO3	47	1.49105910069306e-19	0.296288833275538	262.169912432158
AT2G28550_RAP27	AT5G59450_SCL11	30	9.53933149113301e-11	0.636704322743307	191.402527292812
AT2G28550_RAP27	AT1G22070_TGA3	15	7.59128872014473e-08	-0.301050334082763	-32.1507509173378
AT2G28550_RAP27	AT5G15830_BZIP3	64	9.192660574478e-33	0.484447163132197	993.281280972781
AT2G28550_RAP27	AT5G22570_WRKY38	1	1		
AT2G28550_RAP27	AT1G31320_LBD4	18	0.000382705463978908	0.380870691703167	23.4267605914318
AT2G28550_RAP27	AT5G29000_PHL1	24	5.19278683781733e-05	0.206677596022877	21.2527374131732
AT2G28550_RAP27	AT1G35560_TCP23	3	1	0.923302785051439	0
AT2G28550_RAP27	AT4G00238_STKL1	2	1	1	0
AT2G28550_RAP27	AT4G37180_AT4G37180	0	1		
AT2G28550_RAP27	AT4G10920_KELP	0	1		
AT2G28550_RAP27	AT5G60890_MYB34	7	0.109788426740325	0.534155380946937	3.58744312690223
AT2G28550_RAP27	AT4G27330_SPL	143	2.4835040276715e-121	0.858267044095171	14802.1074885208
AT2G28550_RAP27	AT5G10030_TGA4	11	7.69338617091965e-07	-0.55524876805339	-37.3419827892783
AT2G28550_RAP27	AT5G56840_AT5G56840	28	1.23832214789228e-14	0.935383427815842	364.238922334843
AT2G28550_RAP27	AT1G19350_BES1	3	0.597603468519048	0.606883694686634	0.407073714605811
AT2G28550_RAP27	AT1G51140_FBH3	76	9.00947264093303e-25	-0.0968105296098349	-176.9157099291
AT2G28550_RAP27	AT2G42280_FBH4	34	2.7973840855359e-13	-0.0521347120716882	-22.2516388045603
AT2G28550_RAP27	AT1G54690_GAMMAH2AX	22	5.40397890298779e-10	0.140710120059516	28.6880214644147
AT2G28550_RAP27	AT2G01930_BPC1	18	6.16559468931464e-07	0.444753404517406	49.7147359209275
AT2G28550_RAP27	AT2G42430_LBD16	102	3.71397780633323e-29	0.54332073249545	1575.56296488938
AT2G28550_RAP27	AT1G01060_LHY	7	1	0.877670020601912	0
AT2G28550_RAP27	AT1G14687_HB32	64	3.22800555861085e-34	0.789144241203047	1691.4740255681
AT2G28550_RAP27	AT1G26960_HB23	25	1.34620224458356e-13	0.106710040559743	34.3363290205897
AT2G28550_RAP27	AT1G69180_CRC	5	0.0634604654776073	-0.666489197689579	-3.99059322974474
AT2G28550_RAP27	AT3G46590_TRFL1	0	1		
AT2G28550_RAP27	AT1G10240_FRS11	4	0.0899540148737667	0.851266037832337	3.56162712220067
AT2G28550_RAP27	AT2G25000_WRKY60	9	0.945088188229364	0.824490770331975	0.182005498017631
AT4G31800_WRKY18	AT4G31800_WRKY18	219	0	1	Inf
AT4G31800_WRKY18	AT4G37790_HAT22	36	9.671778602052e-29	0.496832550043549	501.066443522152
AT4G31800_WRKY18	AT1G66600_ABO3	45	1.20685671877634e-32	-0.335759797421167	-482.260356538532
AT4G31800_WRKY18	AT5G59450_SCL11	22	1.5404908094324e-11	0.523052289617697	124.419232471013
AT4G31800_WRKY18	AT1G22070_TGA3	7	0.00781734443984315	0.684900285154274	10.1013102538063
AT4G31800_WRKY18	AT5G15830_BZIP3	29	8.96780910909308e-14	0.195671708260057	74.0367143234559
AT4G31800_WRKY18	AT5G22570_WRKY38	0	1		
AT4G31800_WRKY18	AT1G31320_LBD4	5	1	0.72237969826512	0
AT4G31800_WRKY18	AT5G29000_PHL1	9	1	0.555620588225022	0
AT4G31800_WRKY18	AT1G35560_TCP23	3	1	0.97161870398462	0
AT4G31800_WRKY18	AT4G00238_STKL1	4	0.00141787333927586	0.909760956976803	10.3653162066709
AT4G31800_WRKY18	AT4G37180_AT4G37180	0	1		
AT4G31800_WRKY18	AT4G10920_KELP	0	1		
AT4G31800_WRKY18	AT5G60890_MYB34	3	1	0.998090348358134	0
AT4G31800_WRKY18	AT4G27330_SPL	58	1.11476622212055e-43	0.630275705068109	1570.18275784245
AT4G31800_WRKY18	AT5G10030_TGA4	6	0.00223304213884102	-0.0181620587287792	-0.288896939168551
AT4G31800_WRKY18	AT5G56840_AT5G56840	8	0.138644464171909	0.766978553447071	5.26513882766186
AT4G31800_WRKY18	AT1G19350_BES1	0	1		
AT4G31800_WRKY18	AT1G51140_FBH3	42	4.40578377849748e-16	0.0420834819700336	27.1417848934837
AT4G31800_WRKY18	AT2G42280_FBH4	21	4.53232544688974e-10	0.175078001857384	34.3533253152751
AT4G31800_WRKY18	AT1G54690_GAMMAH2AX	10	0.00121035924423394	-0.779005949789066	-22.7242712296589
AT4G31800_WRKY18	AT2G01930_BPC1	5	1	-0.247235137442002	0
AT4G31800_WRKY18	AT2G42430_LBD16	58	7.05965039382251e-21	0.19707368941798	230.333929242297
AT4G31800_WRKY18	AT1G01060_LHY	2	1	1	0
AT4G31800_WRKY18	AT1G14687_HB32	31	2.27935760704045e-16	0.563335845200059	273.16595297989
AT4G31800_WRKY18	AT1G26960_HB23	9	0.00533718867676774	-0.737686827300398	-15.0887843103104
AT4G31800_WRKY18	AT1G69180_CRC	1	1		
AT4G31800_WRKY18	AT3G46590_TRFL1	0	1		
AT4G31800_WRKY18	AT1G10240_FRS11	0	1		
AT4G31800_WRKY18	AT2G25000_WRKY60	13	1.94553380173633e-07	0.138608133366521	12.0925195002292
AT4G37790_HAT22	AT4G37790_HAT22	349	0	1	Inf
AT4G37790_HAT22	AT1G66600_ABO3	40	7.8186256812023e-19	0.327953518719399	237.528463648355
AT4G37790_HAT22	AT5G59450_SCL11	24	4.0086452494376e-09	0.533721462705611	107.559849365114
AT4G37790_HAT22	AT1G22070_TGA3	12	2.20396957179515e-06	0.328345992059309	22.2886292521344
AT4G37790_HAT22	AT5G15830_BZIP3	51	1.43411369490163e-27	0.0914839861893364	125.242879574817
AT4G37790_HAT22	AT5G22570_WRKY38	1	1		
AT4G37790_HAT22	AT1G31320_LBD4	16	0.000120001750037624	0.0442868064608399	2.77824417330504
AT4G37790_HAT22	AT5G29000_PHL1	17	0.00604916508021673	0.107951731144031	4.07098690326422
AT4G37790_HAT22	AT1G35560_TCP23	5	0.134977474905064	-0.303536530068522	-1.31998733637627
AT4G37790_HAT22	AT4G00238_STKL1	3	0.30016346460983	0.99410778902739	1.55868795760643
AT4G37790_HAT22	AT4G37180_AT4G37180	0	1		
AT4G37790_HAT22	AT4G10920_KELP	0	1		
AT4G37790_HAT22	AT5G60890_MYB34	4	1	0.934349775990694	0
AT4G37790_HAT22	AT4G27330_SPL	116	2.18832085526831e-103	0.682005544511123	8121.69516569423
AT4G37790_HAT22	AT5G10030_TGA4	6	0.0312146684021163	0.751800446661384	6.79165069509554
AT4G37790_HAT22	AT5G56840_AT5G56840	39	7.51567279714277e-32	0.939065912253661	1139.87318758803
AT4G37790_HAT22	AT1G19350_BES1	3	0.237759011862399	0.682277692454628	1.27694345047392
AT4G37790_HAT22	AT1G51140_FBH3	68	1.89182964320528e-27	-0.21837093656694	-396.817556395455
AT4G37790_HAT22	AT2G42280_FBH4	34	1.60215189969995e-17	-0.361764122962495	-206.581811753804
AT4G37790_HAT22	AT1G54690_GAMMAH2AX	58	1.73937441273456e-62	-0.432051284414111	-1547.6324147664
AT4G37790_HAT22	AT2G01930_BPC1	11	0.00686939561203963	0.0380122136259268	0.904458664901229
AT4G37790_HAT22	AT2G42430_LBD16	84	1.11243896060328e-27	0.00540631810319811	12.2405140182578
AT4G37790_HAT22	AT1G01060_LHY	1	1		
AT4G37790_HAT22	AT1G14687_HB32	31	1.22822426796255e-10	0.465559912307768	143.035085524501
AT4G37790_HAT22	AT1G26960_HB23	57	7.45356648784657e-63	-0.425720799278387	-1507.59452759541
AT4G37790_HAT22	AT1G69180_CRC	6	0.000659228607636804	-0.273738698121945	-5.22451758993778
AT4G37790_HAT22	AT3G46590_TRFL1	0	1		
AT4G37790_HAT22	AT1G10240_FRS11	3	0.651489494140008	-0.87139379553096	-0.486479767414528
AT4G37790_HAT22	AT2G25000_WRKY60	5	1	0.711979294656071	0
AT1G66600_ABO3	AT1G66600_ABO3	536	0	1	Inf
AT1G66600_ABO3	AT5G59450_SCL11	72	2.82459199174781e-51	0.597325842748144	2173.98603402649
AT1G66600_ABO3	AT1G22070_TGA3	18	2.70032481994163e-10	0.662094402460234	114.035506207447
AT1G66600_ABO3	AT5G15830_BZIP3	59	2.01104396008164e-25	0.658635061945853	959.695915611239
AT1G66600_ABO3	AT5G22570_WRKY38	4	0.000796189129034326	-0.0166071730616223	-0.205861438234672
AT1G66600_ABO3	AT1G31320_LBD4	21	2.10626625746032e-05	0.686233319510127	67.3923812543465
AT1G66600_ABO3	AT5G29000_PHL1	20	0.0469487114974945	0.584205670567548	15.5208996038891
AT1G66600_ABO3	AT1G35560_TCP23	6	0.114013280719384	-0.691921325451808	-3.9150758405827
AT1G66600_ABO3	AT4G00238_STKL1	1	1		
AT1G66600_ABO3	AT4G37180_AT4G37180	0	1		
AT1G66600_ABO3	AT4G10920_KELP	0	1		
AT1G66600_ABO3	AT5G60890_MYB34	5	1	-0.524881772599544	0
AT1G66600_ABO3	AT4G27330_SPL	61	5.5815917423117e-24	0.252159277760747	357.674762169704
AT1G66600_ABO3	AT5G10030_TGA4	9	0.000404251173668494	0.764052839348315	23.3342794545873
AT1G66600_ABO3	AT5G56840_AT5G56840	13	0.104367535977738	-0.289359135985956	-3.69183176852703
AT1G66600_ABO3	AT1G19350_BES1	2	1	-1	0
AT1G66600_ABO3	AT1G51140_FBH3	77	2.79443937317706e-22	0.645896058759462	1071.95190488724
AT1G66600_ABO3	AT2G42280_FBH4	31	1.34268231458372e-09	0.644059181509017	177.137418524389
AT1G66600_ABO3	AT1G54690_GAMMAH2AX	27	1.14985636878502e-13	0.496625463665257	173.502374602209
AT1G66600_ABO3	AT2G01930_BPC1	12	0.07646773386578	0.217722018628974	2.91709650944588
AT1G66600_ABO3	AT2G42430_LBD16	150	2.13361782721366e-60	0.691006168815576	6184.94227595685
AT1G66600_ABO3	AT1G01060_LHY	6	1	0.962599310500112	0
AT1G66600_ABO3	AT1G14687_HB32	69	4.98675975724552e-36	0.811301313495131	1976.20873221079
AT1G66600_ABO3	AT1G26960_HB23	25	1.79433059069266e-12	0.45474865998263	133.538052894002
AT1G66600_ABO3	AT1G69180_CRC	6	0.00774421482618164	0.755447769593906	9.5686039251559
AT1G66600_ABO3	AT3G46590_TRFL1	0	1		
AT1G66600_ABO3	AT1G10240_FRS11	3	1	0.972046613448608	0
AT1G66600_ABO3	AT2G25000_WRKY60	4	1	0.762029254208979	0
AT5G59450_SCL11	AT5G59450_SCL11	377	0	1	Inf
AT5G59450_SCL11	AT1G22070_TGA3	23	1.74783168074556e-19	0.587421443272728	253.426832920136
AT5G59450_SCL11	AT5G15830_BZIP3	47	3.46168119575621e-22	0.856922091860198	864.337473831627
AT5G59450_SCL11	AT5G22570_WRKY38	0	1		
AT5G59450_SCL11	AT1G31320_LBD4	10	1	0.288216059724662	0
AT5G59450_SCL11	AT5G29000_PHL1	15	0.190886493967917	0.745357924624148	8.04119854948971
AT5G59450_SCL11	AT1G35560_TCP23	4	1	0.377562594850103	0
AT5G59450_SCL11	AT4G00238_STKL1	5	0.000283702779464451	0.129757637987899	2.30134021049514
AT5G59450_SCL11	AT4G37180_AT4G37180	0	1		
AT5G59450_SCL11	AT4G10920_KELP	0	1		
AT5G59450_SCL11	AT5G60890_MYB34	4	1	0.423312068753066	0
AT5G59450_SCL11	AT4G27330_SPL	44	3.20101748513432e-17	0.832948433086008	604.526756941092
AT5G59450_SCL11	AT5G10030_TGA4	7	0.00419372418817712	0.334769710922976	5.57117089277721
AT5G59450_SCL11	AT5G56840_AT5G56840	12	0.0143531608664127	-0.497379049785169	-11.0003481014763
AT5G59450_SCL11	AT1G19350_BES1	2	1	1	0
AT5G59450_SCL11	AT1G51140_FBH3	66	8.89645846269517e-24	0.795737097164275	1210.59595985708
AT5G59450_SCL11	AT2G42280_FBH4	24	6.47937344334697e-08	0.633168378026505	109.236239605906
AT5G59450_SCL11	AT1G54690_GAMMAH2AX	7	1	0.868290899233771	0
AT5G59450_SCL11	AT2G01930_BPC1	8	1	0.550524582280582	0
AT5G59450_SCL11	AT2G42430_LBD16	128	4.24077291866065e-62	0.823323946332305	6467.77525304354
AT5G59450_SCL11	AT1G01060_LHY	19	4.99595385708651e-13	0.937360948730142	219.085859487672
AT5G59450_SCL11	AT1G14687_HB32	33	3.04358468911524e-11	0.691392662853321	239.946635904633
AT5G59450_SCL11	AT1G26960_HB23	8	1	0.870018344972283	0
AT5G59450_SCL11	AT1G69180_CRC	3	1	-0.53866622421503	0
AT5G59450_SCL11	AT3G46590_TRFL1	0	1		
AT5G59450_SCL11	AT1G10240_FRS11	1	1		
AT5G59450_SCL11	AT2G25000_WRKY60	3	1	0.998559977653303	0
AT1G22070_TGA3	AT1G22070_TGA3	110	1.11253709348824e-308	1	34593.1855776507
AT1G22070_TGA3	AT5G15830_BZIP3	35	9.58993723224748e-31	0.762696480593865	801.316721454202
AT1G22070_TGA3	AT5G22570_WRKY38	1	1		
AT1G22070_TGA3	AT1G31320_LBD4	7	0.049959521425435	0.741958585505898	6.75899943571251
AT1G22070_TGA3	AT5G29000_PHL1	15	2.47508967000136e-08	0.482064733346467	55.0017233458104
AT1G22070_TGA3	AT1G35560_TCP23	2	1	-1	0
AT1G22070_TGA3	AT4G00238_STKL1	6	2.94937164447957e-09	0.941673369508678	48.1963713840136
AT1G22070_TGA3	AT4G37180_AT4G37180	0	1		
AT1G22070_TGA3	AT4G10920_KELP	0	1		
AT1G22070_TGA3	AT5G60890_MYB34	0	1		
AT1G22070_TGA3	AT4G27330_SPL	18	1.30110011844349e-08	-0.254108616148549	-36.0687886421778
AT1G22070_TGA3	AT5G10030_TGA4	31	1.39183981668021e-59	0.912514971720872	1664.92803554681
AT1G22070_TGA3	AT5G56840_AT5G56840	3	1	-0.991279795683555	0
AT1G22070_TGA3	AT1G19350_BES1	0	1		
AT1G22070_TGA3	AT1G51140_FBH3	18	5.98395120114309e-05	0.61650601052809	46.8632205699792
AT1G22070_TGA3	AT2G42280_FBH4	19	1.02207212021983e-13	0.618398799753025	152.633099430594
AT1G22070_TGA3	AT1G54690_GAMMAH2AX	12	5.16624302242529e-09	0.772130635147769	76.7821389664357
AT1G22070_TGA3	AT2G01930_BPC1	5	0.388925139285572	0.692519671729717	1.4201292601112
AT1G22070_TGA3	AT2G42430_LBD16	29	1.12103840946489e-09	0.633281676182395	164.37522876648
AT1G22070_TGA3	AT1G01060_LHY	0	1		
AT1G22070_TGA3	AT1G14687_HB32	14	5.89405416855319e-06	0.862535523126049	63.1498502637981
AT1G22070_TGA3	AT1G26960_HB23	10	9.2834082382693e-07	0.90460707762278	54.5685453593353
AT1G22070_TGA3	AT1G69180_CRC	3	0.116093825001855	0.976317286549357	2.73912906607494
AT1G22070_TGA3	AT3G46590_TRFL1	0	1		
AT1G22070_TGA3	AT1G10240_FRS11	1	1		
AT1G22070_TGA3	AT2G25000_WRKY60	0	1		
AT5G15830_BZIP3	AT5G15830_BZIP3	592	0	1	Inf
AT5G15830_BZIP3	AT5G22570_WRKY38	1	1		
AT5G15830_BZIP3	AT1G31320_LBD4	26	3.88113182180457e-08	0.323421321639553	62.3191106468423
AT5G15830_BZIP3	AT5G29000_PHL1	39	6.76494492633969e-13	0.671224661732212	318.576443322809
AT5G15830_BZIP3	AT1G35560_TCP23	11	8.50120723298923e-07	0.780196026598617	52.0981462417485
AT5G15830_BZIP3	AT4G00238_STKL1	1	1		
AT5G15830_BZIP3	AT4G37180_AT4G37180	0	1		
AT5G15830_BZIP3	AT4G10920_KELP	0	1		
AT5G15830_BZIP3	AT5G60890_MYB34	3	1	0.856090492965689	0
AT5G15830_BZIP3	AT4G27330_SPL	71	1.01985048227266e-29	0.352802043087047	726.205576256421
AT5G15830_BZIP3	AT5G10030_TGA4	27	1.73297447625303e-28	0.646560516428412	484.631123587287
AT5G15830_BZIP3	AT5G56840_AT5G56840	17	0.00109818481633955	-0.309322082943099	-15.5615354564246
AT5G15830_BZIP3	AT1G19350_BES1	5	0.0016969653036271	-0.98225174171746	-13.605792787245
AT5G15830_BZIP3	AT1G51140_FBH3	79	8.16976591529065e-21	0.824209514640039	1307.96728923572
AT5G15830_BZIP3	AT2G42280_FBH4	47	4.07075468086624e-21	0.784042562351555	751.383487573607
AT5G15830_BZIP3	AT1G54690_GAMMAH2AX	27	1.319877655315e-12	0.682021467191927	218.755378386305
AT5G15830_BZIP3	AT2G01930_BPC1	15	0.00242440924030944	0.642751927755044	25.2157436992272
AT5G15830_BZIP3	AT2G42430_LBD16	142	5.37581716889609e-48	0.760637235807489	5105.60773382095
AT5G15830_BZIP3	AT1G01060_LHY	12	0.00287425745164862	0.930180601184867	28.3683614871611
AT5G15830_BZIP3	AT1G14687_HB32	49	1.73077626186886e-16	0.921759917685874	711.899329400623
AT5G15830_BZIP3	AT1G26960_HB23	27	2.1900650539209e-13	0.582696990768912	199.170295244799
AT5G15830_BZIP3	AT1G69180_CRC	8	4.95224554382179e-05	0.40729106275275	14.0277487967436
AT5G15830_BZIP3	AT3G46590_TRFL1	0	1		
AT5G15830_BZIP3	AT1G10240_FRS11	4	0.202182391928815	0.542059784213233	1.50531448252249
AT5G15830_BZIP3	AT2G25000_WRKY60	6	1	0.919966673991535	0
AT5G22570_WRKY38	AT5G22570_WRKY38	6	4.68887037742299e-22	1	127.973590638305
AT5G22570_WRKY38	AT1G31320_LBD4	0	1		
AT5G22570_WRKY38	AT5G29000_PHL1	1	1		
AT5G22570_WRKY38	AT1G35560_TCP23	0	1		
AT5G22570_WRKY38	AT4G00238_STKL1	0	1		
AT5G22570_WRKY38	AT4G37180_AT4G37180	0	1		
AT5G22570_WRKY38	AT4G10920_KELP	0	1		
AT5G22570_WRKY38	AT5G60890_MYB34	0	1		
AT5G22570_WRKY38	AT4G27330_SPL	3	0.12602247005017	-0.668350528589381	-1.80364818900771
AT5G22570_WRKY38	AT5G10030_TGA4	1	1		
AT5G22570_WRKY38	AT5G56840_AT5G56840	0	1		
AT5G22570_WRKY38	AT1G19350_BES1	0	1		
AT5G22570_WRKY38	AT1G51140_FBH3	1	1		
AT5G22570_WRKY38	AT2G42280_FBH4	1	1		
AT5G22570_WRKY38	AT1G54690_GAMMAH2AX	0	1		
AT5G22570_WRKY38	AT2G01930_BPC1	0	1		
AT5G22570_WRKY38	AT2G42430_LBD16	2	1	-1	0
AT5G22570_WRKY38	AT1G01060_LHY	0	1		
AT5G22570_WRKY38	AT1G14687_HB32	0	1		
AT5G22570_WRKY38	AT1G26960_HB23	0	1		
AT5G22570_WRKY38	AT1G69180_CRC	0	1		
AT5G22570_WRKY38	AT3G46590_TRFL1	0	1		
AT5G22570_WRKY38	AT1G10240_FRS11	0	1		
AT5G22570_WRKY38	AT2G25000_WRKY60	0	1		
AT1G31320_LBD4	AT1G31320_LBD4	293	0	1	Inf
AT1G31320_LBD4	AT5G29000_PHL1	12	0.59431429812063	0.537443018249295	1.45744112381781
AT1G31320_LBD4	AT1G35560_TCP23	5	0.0596848081758225	0.764359246564784	4.6783991084427
AT1G31320_LBD4	AT4G00238_STKL1	0	1		
AT1G31320_LBD4	AT4G37180_AT4G37180	0	1		
AT1G31320_LBD4	AT4G10920_KELP	0	1		
AT1G31320_LBD4	AT5G60890_MYB34	3	1	0.934065499537913	0
AT1G31320_LBD4	AT4G27330_SPL	25	3.19082449989389e-06	0.0600464028782245	8.25052149108083
AT1G31320_LBD4	AT5G10030_TGA4	4	1	0.332526864003679	0
AT1G31320_LBD4	AT5G56840_AT5G56840	6	1	-0.256476420260231	0
AT1G31320_LBD4	AT1G19350_BES1	0	1		
AT1G31320_LBD4	AT1G51140_FBH3	42	2.10133638598519e-11	0.641990176643412	287.903823827605
AT1G31320_LBD4	AT2G42280_FBH4	20	7.34095802995671e-07	0.810622423886213	99.4511676343539
AT1G31320_LBD4	AT1G54690_GAMMAH2AX	11	0.00244676849586251	0.682960404697867	19.6183642988184
AT1G31320_LBD4	AT2G01930_BPC1	12	0.000174190746665435	0.480773535605059	21.686587946094
AT1G31320_LBD4	AT2G42430_LBD16	153	2.08426712046783e-108	0.672976113962622	11087.4161624218
AT1G31320_LBD4	AT1G01060_LHY	2	1	1	0
AT1G31320_LBD4	AT1G14687_HB32	19	0.000851229670644218	0.0743535923108592	4.33697899056777
AT1G31320_LBD4	AT1G26960_HB23	7	1	0.553089487922201	0
AT1G31320_LBD4	AT1G69180_CRC	4	0.124876314146749	0.506844259641077	1.83177555673595
AT1G31320_LBD4	AT3G46590_TRFL1	0	1		
AT1G31320_LBD4	AT1G10240_FRS11	3	0.392521654250214	0.973826185500646	1.18651872379814
AT1G31320_LBD4	AT2G25000_WRKY60	0	1		
AT5G29000_PHL1	AT5G29000_PHL1	442	0	1	Inf
AT5G29000_PHL1	AT1G35560_TCP23	3	1	0.574953854870792	0
AT5G29000_PHL1	AT4G00238_STKL1	2	1	1	0
AT5G29000_PHL1	AT4G37180_AT4G37180	1	1		
AT5G29000_PHL1	AT4G10920_KELP	0	1		
AT5G29000_PHL1	AT5G60890_MYB34	7	0.066870801592618	0.593940464655188	4.88417693195214
AT5G29000_PHL1	AT4G27330_SPL	24	0.0204464772644049	-0.0710070794322404	-2.87899312301751
AT5G29000_PHL1	AT5G10030_TGA4	3	1	-0.167791027087152	0
AT5G29000_PHL1	AT5G56840_AT5G56840	7	1	-0.896308508899074	0
AT5G29000_PHL1	AT1G19350_BES1	1	1		
AT5G29000_PHL1	AT1G51140_FBH3	32	0.17718109770119	0.191513140887836	4.60601429333599
AT5G29000_PHL1	AT2G42280_FBH4	19	0.00250446011205455	0.431623419580403	21.3327422365715
AT5G29000_PHL1	AT1G54690_GAMMAH2AX	17	3.52041751482472e-06	0.713924883940279	66.1864760756481
AT5G29000_PHL1	AT2G01930_BPC1	11	0.0589267227332853	0.057659399416514	0.779933604344325
AT5G29000_PHL1	AT2G42430_LBD16	71	8.70343133545284e-13	0.627215909390193	537.07367700266
AT5G29000_PHL1	AT1G01060_LHY	6	1	0.929459271082542	0
AT5G29000_PHL1	AT1G14687_HB32	30	2.46811771417867e-07	0.478823741740136	94.9167629588512
AT5G29000_PHL1	AT1G26960_HB23	13	0.00212502265165376	0.798870064979595	27.7561601652346
AT5G29000_PHL1	AT1G69180_CRC	1	1		
AT5G29000_PHL1	AT3G46590_TRFL1	0	1		
AT5G29000_PHL1	AT1G10240_FRS11	1	1		
AT5G29000_PHL1	AT2G25000_WRKY60	1	1		
AT1G35560_TCP23	AT1G35560_TCP23	49	7.48270713662889e-156	1	7601.17112135596
AT1G35560_TCP23	AT4G00238_STKL1	0	1		
AT1G35560_TCP23	AT4G37180_AT4G37180	0	1		
AT1G35560_TCP23	AT4G10920_KELP	0	1		
AT1G35560_TCP23	AT5G60890_MYB34	2	1	1	0
AT1G35560_TCP23	AT4G27330_SPL	4	1	0.0723888010373615	0
AT1G35560_TCP23	AT5G10030_TGA4	1	1		
AT1G35560_TCP23	AT5G56840_AT5G56840	0	1		
AT1G35560_TCP23	AT1G19350_BES1	1	1		
AT1G35560_TCP23	AT1G51140_FBH3	15	7.61783847791158e-08	0.74514570599346	79.5610874784436
AT1G35560_TCP23	AT2G42280_FBH4	12	5.07007697051829e-10	0.643244084239656	71.7473328259769
AT1G35560_TCP23	AT1G54690_GAMMAH2AX	4	0.197304068826238	0.205856159769377	0.580402350698099
AT1G35560_TCP23	AT2G01930_BPC1	0	1		
AT1G35560_TCP23	AT2G42430_LBD16	15	2.97007548103343e-05	0.785994502919145	53.3756980351343
AT1G35560_TCP23	AT1G01060_LHY	0	1		
AT1G35560_TCP23	AT1G14687_HB32	2	1	1	0
AT1G35560_TCP23	AT1G26960_HB23	4	0.150920093301433	0.586573256761632	1.92690003479102
AT1G35560_TCP23	AT1G69180_CRC	2	0.728464329999418	-1	-0.275183418093238
AT1G35560_TCP23	AT3G46590_TRFL1	0	1		
AT1G35560_TCP23	AT1G10240_FRS11	0	1		
AT1G35560_TCP23	AT2G25000_WRKY60	1	1		
AT4G00238_STKL1	AT4G00238_STKL1	14	5.13583090003626e-50	1	690.051449977128
AT4G00238_STKL1	AT4G37180_AT4G37180	0	1		
AT4G00238_STKL1	AT4G10920_KELP	1	0.614404964952925		
AT4G00238_STKL1	AT5G60890_MYB34	0	1		
AT4G00238_STKL1	AT4G27330_SPL	1	1		
AT4G00238_STKL1	AT5G10030_TGA4	1	1		
AT4G00238_STKL1	AT5G56840_AT5G56840	0	1		
AT4G00238_STKL1	AT1G19350_BES1	0	1		
AT4G00238_STKL1	AT1G51140_FBH3	1	1		
AT4G00238_STKL1	AT2G42280_FBH4	9	8.79293927508409e-12	0.797037834976932	79.3074909738959
AT4G00238_STKL1	AT1G54690_GAMMAH2AX	2	1	1	0
AT4G00238_STKL1	AT2G01930_BPC1	0	1		
AT4G00238_STKL1	AT2G42430_LBD16	2	1	1	0
AT4G00238_STKL1	AT1G01060_LHY	1	1		
AT4G00238_STKL1	AT1G14687_HB32	0	1		
AT4G00238_STKL1	AT1G26960_HB23	3	0.0516788585198544	0.996833202323887	3.84783722971156
AT4G00238_STKL1	AT1G69180_CRC	0	1		
AT4G00238_STKL1	AT3G46590_TRFL1	0	1		
AT4G00238_STKL1	AT1G10240_FRS11	0	1		
AT4G00238_STKL1	AT2G25000_WRKY60	0	1		
AT4G37180_AT4G37180	AT4G37180_AT4G37180	13	1.17456452683833e-46	1	597.09160055316
AT4G37180_AT4G37180	AT4G10920_KELP	0	1		
AT4G37180_AT4G37180	AT5G60890_MYB34	0	1		
AT4G37180_AT4G37180	AT4G27330_SPL	0	1		
AT4G37180_AT4G37180	AT5G10030_TGA4	0	1		
AT4G37180_AT4G37180	AT5G56840_AT5G56840	0	1		
AT4G37180_AT4G37180	AT1G19350_BES1	0	1		
AT4G37180_AT4G37180	AT1G51140_FBH3	2	1	1	0
AT4G37180_AT4G37180	AT2G42280_FBH4	2	1	1	0
AT4G37180_AT4G37180	AT1G54690_GAMMAH2AX	0	1		
AT4G37180_AT4G37180	AT2G01930_BPC1	0	1		
AT4G37180_AT4G37180	AT2G42430_LBD16	0	1		
AT4G37180_AT4G37180	AT1G01060_LHY	0	1		
AT4G37180_AT4G37180	AT1G14687_HB32	0	1		
AT4G37180_AT4G37180	AT1G26960_HB23	0	1		
AT4G37180_AT4G37180	AT1G69180_CRC	0	1		
AT4G37180_AT4G37180	AT3G46590_TRFL1	0	1		
AT4G37180_AT4G37180	AT1G10240_FRS11	0	1		
AT4G37180_AT4G37180	AT2G25000_WRKY60	0	1		
AT4G10920_KELP	AT4G10920_KELP	2	1.37043324200063e-06	1	11.7262842308464
AT4G10920_KELP	AT5G60890_MYB34	0	1		
AT4G10920_KELP	AT4G27330_SPL	0	1		
AT4G10920_KELP	AT5G10030_TGA4	0	1		
AT4G10920_KELP	AT5G56840_AT5G56840	0	1		
AT4G10920_KELP	AT1G19350_BES1	0	1		
AT4G10920_KELP	AT1G51140_FBH3	0	1		
AT4G10920_KELP	AT2G42280_FBH4	0	1		
AT4G10920_KELP	AT1G54690_GAMMAH2AX	0	1		
AT4G10920_KELP	AT2G01930_BPC1	0	1		
AT4G10920_KELP	AT2G42430_LBD16	0	1		
AT4G10920_KELP	AT1G01060_LHY	0	1		
AT4G10920_KELP	AT1G14687_HB32	0	1		
AT4G10920_KELP	AT1G26960_HB23	0	1		
AT4G10920_KELP	AT1G69180_CRC	0	1		
AT4G10920_KELP	AT3G46590_TRFL1	0	1		
AT4G10920_KELP	AT1G10240_FRS11	0	1		
AT4G10920_KELP	AT2G25000_WRKY60	0	1		
AT5G60890_MYB34	AT5G60890_MYB34	77	1.31718584084436e-231	1	17777.7871768732
AT5G60890_MYB34	AT4G27330_SPL	14	5.38293547478e-07	0.631238934245664	55.4011468560936
AT5G60890_MYB34	AT5G10030_TGA4	2	1	-1	0
AT5G60890_MYB34	AT5G56840_AT5G56840	2	1	1	0
AT5G60890_MYB34	AT1G19350_BES1	1	1		
AT5G60890_MYB34	AT1G51140_FBH3	9	1	0.0357180395489169	0
AT5G60890_MYB34	AT2G42280_FBH4	8	0.0037778775402149	0.479732629076366	9.29818596771637
AT5G60890_MYB34	AT1G54690_GAMMAH2AX	6	0.00749823513118809	0.621281072995464	7.92148631083538
AT5G60890_MYB34	AT2G01930_BPC1	0	1		
AT5G60890_MYB34	AT2G42430_LBD16	11	1	0.451996312689208	0
AT5G60890_MYB34	AT1G01060_LHY	0	1		
AT5G60890_MYB34	AT1G14687_HB32	7	0.282600231005355	0.000313502447316476	0.00120441132336293
AT5G60890_MYB34	AT1G26960_HB23	6	0.00502050392371213	0.464282978246016	6.40502331760522
AT5G60890_MYB34	AT1G69180_CRC	1	1		
AT5G60890_MYB34	AT3G46590_TRFL1	0	1		
AT5G60890_MYB34	AT1G10240_FRS11	0	1		
AT5G60890_MYB34	AT2G25000_WRKY60	0	1		
AT4G27330_SPL	AT4G27330_SPL	677	0	1	Inf
AT4G27330_SPL	AT5G10030_TGA4	15	7.63981011195088e-10	-0.590901297030669	-80.8079750652547
AT4G27330_SPL	AT5G56840_AT5G56840	35	4.30132076183233e-17	0.722355582871409	413.782568127071
AT4G27330_SPL	AT1G19350_BES1	4	0.0854041147318559	0.708819289412581	3.02955376413394
AT4G27330_SPL	AT1G51140_FBH3	116	2.09116658966979e-42	-0.288308520529724	-1393.92410242515
AT4G27330_SPL	AT2G42280_FBH4	50	3.37959446079393e-21	-0.224898729884112	-230.19661765395
AT4G27330_SPL	AT1G54690_GAMMAH2AX	32	9.07991549458276e-16	-0.12054167823289	-58.0216980118764
AT4G27330_SPL	AT2G01930_BPC1	22	1.18964091314045e-07	0.387257008697671	58.9950620219215
AT4G27330_SPL	AT2G42430_LBD16	149	1.79191350467558e-45	0.138714733740346	924.84660761937
AT4G27330_SPL	AT1G01060_LHY	3	1	0.982347786447963	0
AT4G27330_SPL	AT1G14687_HB32	60	3.63861287321018e-22	0.772982688458674	994.321526603839
AT4G27330_SPL	AT1G26960_HB23	35	9.21028665785148e-20	-0.139170271603858	-92.7222546696314
AT4G27330_SPL	AT1G69180_CRC	7	0.00217157749222095	0.426549924052556	7.9519879600804
AT4G27330_SPL	AT3G46590_TRFL1	0	1		
AT4G27330_SPL	AT1G10240_FRS11	4	0.336020391425713	0.943721091897322	1.78791496648153
AT4G27330_SPL	AT2G25000_WRKY60	6	1	0.967297620467397	0
AT5G10030_TGA4	AT5G10030_TGA4	59	1.5259223008934e-183	1	10786.1715872111
AT5G10030_TGA4	AT5G56840_AT5G56840	4	0.608102539086832	-0.706447944284762	-0.610436534812501
AT5G10030_TGA4	AT1G19350_BES1	0	1		
AT5G10030_TGA4	AT1G51140_FBH3	8	0.869607071954031	0.334384792077221	0.162315559888796
AT5G10030_TGA4	AT2G42280_FBH4	10	2.06265749814816e-06	0.517436683774217	29.4192397645019
AT5G10030_TGA4	AT1G54690_GAMMAH2AX	5	0.0278161357653147	0.620461622163162	4.82627066347954
AT5G10030_TGA4	AT2G01930_BPC1	7	4.75767882659722e-05	0.831915921303527	25.1723067420191
AT5G10030_TGA4	AT2G42430_LBD16	16	7.07261326336064e-05	0.13732619181093	9.11938216351716
AT5G10030_TGA4	AT1G01060_LHY	0	1		
AT5G10030_TGA4	AT1G14687_HB32	6	0.401633148977159	0.938198099212714	2.23011817717138
AT5G10030_TGA4	AT1G26960_HB23	4	0.309408964905848	0.948118632184646	1.93214102682726
AT5G10030_TGA4	AT1G69180_CRC	3	0.0180811390385084	0.995430368595852	5.20443113527911
AT5G10030_TGA4	AT3G46590_TRFL1	0	1		
AT5G10030_TGA4	AT1G10240_FRS11	4	2.19008942091321e-05	-0.223979385431933	-4.17456196730071
AT5G10030_TGA4	AT2G25000_WRKY60	0	1		
AT5G56840_AT5G56840	AT5G56840_AT5G56840	230	0	1	Inf
AT5G56840_AT5G56840	AT1G19350_BES1	0	1		
AT5G56840_AT5G56840	AT1G51140_FBH3	24	0.00259225611491096	-0.352628806746294	-21.888280159189
AT5G56840_AT5G56840	AT2G42280_FBH4	9	1	-0.81923620615263	0
AT5G56840_AT5G56840	AT1G54690_GAMMAH2AX	9	0.0138387415780981	-0.641760811861454	-10.7367421994361
AT5G56840_AT5G56840	AT2G01930_BPC1	6	1	0.889060179772434	0
AT5G56840_AT5G56840	AT2G42430_LBD16	19	1	-0.168842219206711	0
AT5G56840_AT5G56840	AT1G01060_LHY	0	1		
AT5G56840_AT5G56840	AT1G14687_HB32	11	1	0.821338995261987	0
AT5G56840_AT5G56840	AT1G26960_HB23	8	0.0560268754725355	-0.926045384357035	-9.27233387053498
AT5G56840_AT5G56840	AT1G69180_CRC	1	1		
AT5G56840_AT5G56840	AT3G46590_TRFL1	0	1		
AT5G56840_AT5G56840	AT1G10240_FRS11	0	1		
AT5G56840_AT5G56840	AT2G25000_WRKY60	0	1		
AT1G19350_BES1	AT1G19350_BES1	13	1.17456452683833e-46	1	597.09160055316
AT1G19350_BES1	AT1G51140_FBH3	3	1	-0.990778361303965	0
AT1G19350_BES1	AT2G42280_FBH4	1	1		
AT1G19350_BES1	AT1G54690_GAMMAH2AX	2	1	-1	0
AT1G19350_BES1	AT2G01930_BPC1	1	1		
AT1G19350_BES1	AT2G42430_LBD16	4	1	-0.989777287954408	0
AT1G19350_BES1	AT1G01060_LHY	0	1		
AT1G19350_BES1	AT1G14687_HB32	2	1	1	0
AT1G19350_BES1	AT1G26960_HB23	4	0.000602871776280699	-0.984414730915481	-12.6783759473995
AT1G19350_BES1	AT1G69180_CRC	1	1		
AT1G19350_BES1	AT3G46590_TRFL1	0	1		
AT1G19350_BES1	AT1G10240_FRS11	0	1		
AT1G19350_BES1	AT2G25000_WRKY60	0	1		
AT1G51140_FBH3	AT1G51140_FBH3	1159	0	1	Inf
AT1G51140_FBH3	AT2G42280_FBH4	208	5.71324382197859e-190	0.850775098006842	33488.6929765657
AT1G51140_FBH3	AT1G54690_GAMMAH2AX	29	3.06983855966127e-07	0.77619120641682	146.60206581178
AT1G51140_FBH3	AT2G01930_BPC1	23	0.000414703144530996	0.572367747430447	44.525655530119
AT1G51140_FBH3	AT2G42430_LBD16	196	4.45605676752664e-42	0.776371757459607	6292.34221403604
AT1G51140_FBH3	AT1G01060_LHY	22	6.37007188553056e-07	0.819693201058789	111.731416823706
AT1G51140_FBH3	AT1G14687_HB32	48	4.18103360794567e-05	-0.0329518962076721	-6.92577630757137
AT1G51140_FBH3	AT1G26960_HB23	30	1.09359498938431e-08	0.776360928529061	185.421622521402
AT1G51140_FBH3	AT1G69180_CRC	8	0.00756902230622195	0.488638492693398	8.29106241968156
AT1G51140_FBH3	AT3G46590_TRFL1	0	1		
AT1G51140_FBH3	AT1G10240_FRS11	4	1	0.851488412392997	0
AT1G51140_FBH3	AT2G25000_WRKY60	7	1	0.70572993150198	0
AT2G42280_FBH4	AT2G42280_FBH4	399	0	1	Inf
AT2G42280_FBH4	AT1G54690_GAMMAH2AX	26	8.44333746160636e-16	0.722131745149004	283.011108749371
AT2G42280_FBH4	AT2G01930_BPC1	13	0.000730536372570285	0.35054130699509	14.2925001344725
AT2G42280_FBH4	AT2G42430_LBD16	94	2.19240481679951e-30	0.668971884922968	1865.06247434274
AT2G42280_FBH4	AT1G01060_LHY	5	1	0.406180572182093	0
AT2G42280_FBH4	AT1G14687_HB32	23	0.000520124099092879	0.49393842734272	37.3069419778722
AT2G42280_FBH4	AT1G26960_HB23	27	1.01623553722348e-17	0.738611847300899	338.883352391014
AT2G42280_FBH4	AT1G69180_CRC	7	6.30825638420596e-05	0.574284104013604	16.8843171266973
AT2G42280_FBH4	AT3G46590_TRFL1	0	1		
AT2G42280_FBH4	AT1G10240_FRS11	3	0.957609537281779	0.997924675602559	0.056317491587463
AT2G42280_FBH4	AT2G25000_WRKY60	2	1	1	0
AT1G54690_GAMMAH2AX	AT1G54690_GAMMAH2AX	206	0	1	Inf
AT1G54690_GAMMAH2AX	AT2G01930_BPC1	13	3.07456664980588e-07	0.654296292579959	55.3919449569266
AT1G54690_GAMMAH2AX	AT2G42430_LBD16	43	4.25636497643729e-11	0.646429387986698	288.276044664245
AT1G54690_GAMMAH2AX	AT1G01060_LHY	0	1		
AT1G54690_GAMMAH2AX	AT1G14687_HB32	13	0.0533775691383999	0.694881885471062	11.4963591901391
AT1G54690_GAMMAH2AX	AT1G26960_HB23	154	0	0.9836016523238	Inf
AT1G54690_GAMMAH2AX	AT1G69180_CRC	8	1.24718418852732e-08	0.529481343125693	33.4804582720492
AT1G54690_GAMMAH2AX	AT3G46590_TRFL1	0	1		
AT1G54690_GAMMAH2AX	AT1G10240_FRS11	1	1		
AT1G54690_GAMMAH2AX	AT2G25000_WRKY60	1	1		
AT2G01930_BPC1	AT2G01930_BPC1	193	0	1	Inf
AT2G01930_BPC1	AT2G42430_LBD16	47	4.78463689613453e-15	0.557150273667235	374.988374678393
AT2G01930_BPC1	AT1G01060_LHY	0	1		
AT2G01930_BPC1	AT1G14687_HB32	14	0.0060242097236764	0.594823242077724	18.4879384271615
AT2G01930_BPC1	AT1G26960_HB23	11	1.90381333852393e-05	0.635500062672362	32.997789128894
AT2G01930_BPC1	AT1G69180_CRC	2	1	1	0
AT2G01930_BPC1	AT3G46590_TRFL1	0	1		
AT2G01930_BPC1	AT1G10240_FRS11	2	1	1	0
AT2G01930_BPC1	AT2G25000_WRKY60	0	1		
AT2G42430_LBD16	AT2G42430_LBD16	1799	0	1	Inf
AT2G42430_LBD16	AT1G01060_LHY	60	3.53798410791303e-38	0.919546234045335	2066.28902957326
AT2G42430_LBD16	AT1G14687_HB32	101	8.72951824556326e-23	0.739237412330556	1646.99137188438
AT2G42430_LBD16	AT1G26960_HB23	38	6.66699958954235e-09	0.677523077820507	210.500081184061
AT2G42430_LBD16	AT1G69180_CRC	14	2.23025931747406e-07	0.392753978243962	36.5744385058421
AT2G42430_LBD16	AT3G46590_TRFL1	0	1		
AT2G42430_LBD16	AT1G10240_FRS11	10	6.18756210161501e-06	0.876036357981077	45.6281822583797
AT2G42430_LBD16	AT2G25000_WRKY60	88	2.05396235562162e-59	0.885705726600823	4574.22001696592
AT1G01060_LHY	AT1G01060_LHY	126	0	1	Inf
AT1G01060_LHY	AT1G14687_HB32	3	1	0.997881494010235	0
AT1G01060_LHY	AT1G26960_HB23	1	1		
AT1G01060_LHY	AT1G69180_CRC	0	1		
AT1G01060_LHY	AT3G46590_TRFL1	0	1		
AT1G01060_LHY	AT1G10240_FRS11	0	1		
AT1G01060_LHY	AT2G25000_WRKY60	11	7.82381477693002e-08	0.954940470584354	74.6499844670227
AT1G14687_HB32	AT1G14687_HB32	560	0	1	Inf
AT1G14687_HB32	AT1G26960_HB23	12	0.109335978292334	0.38198543578029	4.40614197568186
AT1G14687_HB32	AT1G69180_CRC	4	1	-0.11318976304308	0
AT1G14687_HB32	AT3G46590_TRFL1	0	1		
AT1G14687_HB32	AT1G10240_FRS11	2	1	1	0
AT1G14687_HB32	AT2G25000_WRKY60	3	1	0.999904065528129	0
AT1G26960_HB23	AT1G26960_HB23	192	0	1	Inf
AT1G26960_HB23	AT1G69180_CRC	7	4.07762211057672e-07	0.518866343770539	23.2074133955783
AT1G26960_HB23	AT3G46590_TRFL1	0	1		
AT1G26960_HB23	AT1G10240_FRS11	1	1		
AT1G26960_HB23	AT2G25000_WRKY60	1	1		
AT1G69180_CRC	AT1G69180_CRC	31	1.24623059531246e-103	1	3190.03644931785
AT1G69180_CRC	AT3G46590_TRFL1	0	1		
AT1G69180_CRC	AT1G10240_FRS11	3	0.000466211978449169	0.908886558450028	9.08363922943869
AT1G69180_CRC	AT2G25000_WRKY60	0	1		
AT3G46590_TRFL1	AT3G46590_TRFL1	1	0.0219474883706256		
AT3G46590_TRFL1	AT1G10240_FRS11	0	1		
AT3G46590_TRFL1	AT2G25000_WRKY60	0	1		
AT1G10240_FRS11	AT1G10240_FRS11	18	3.59006432444853e-63	1	1124.008159859
AT1G10240_FRS11	AT2G25000_WRKY60	0	1		
AT2G25000_WRKY60	AT2G25000_WRKY60	175	0	1	Inf
